Seed,Long_Tail_Query
commercial solar installation cost ,commercial solar installation cost
commercial solar installation cost ,commercial solar installed cost per watt
commercial solar installation cost ,commercial solar panels cost
commercial solar installation cost ,commercial solar system cost
commercial solar installation cost ,commercial solar plant cost
commercial solar installation cost ,commercial solar power cost per kwh
commercial solar installation cost ,commercial solar array cost
commercial solar installation cost ,commercial solar panel installation cost
commercial solar installation cost ,commercial solar panels uk cost
commercial solar installation cost ,commercial solar power plant cost in india
commercial solar installation cost ,commercial solar panel system cost
commercial solar installation cost ,commercial building solar panels cost
industrial generator maintenance ,industrial generator maintenance
industrial generator maintenance ,industrial generator maintenance near me
industrial generator maintenance ,industrial generator maintenance checklist
industrial generator maintenance ,diesel generator maintenance
industrial generator maintenance ,diesel generator maintenance checklist
industrial generator maintenance ,diesel generator maintenance checklist excel
industrial generator maintenance ,diesel generator maintenance schedule pdf
industrial generator maintenance ,industrial generator repair
industrial generator maintenance ,industrial generator service near me
industrial generator maintenance ,diesel generator maintenance schedule
industrial generator maintenance ,industrial generator repair near me
industrial generator maintenance ,diesel generator maintenance pdf
industrial generator maintenance ,industrial generator service
industrial generator maintenance ,diesel generator maintenance near me
industrial generator maintenance ,diesel generator maintenance cost per kwh
